uuid,agricapture_file,terrascan_file,ssim,hist_cosine,glcm_cosine,cls_cosine,L_mean_ac,L_mean_ts,L_delta,A_mean_ac,A_mean_ts,A_delta,B_mean_ac,B_mean_ts,B_delta,sharpness_ac,sharpness_ts,entropy_ac,entropy_ts,kp_count_ac,kp_count_ts,similarity_verdict,quality_winner
08700ab9,latrinidad_balili_bsuback_20260121_014719_08700ab9_processed.jpg,latrinidad_balili_bsuback_20260121_014719_08700ab9.png,0.3233,0.4877,0.9859,0.9981,190.07,166.34,23.73,131.23,131.23,0.0,139.9,137.89,2.02,6439.77,13944.02,4.6637,4.514,474,474,EQUIVALENT,Mixed / Unclear
10833611,latrinidad_betag_sf_20260121_051303_10833611_processed.jpg,latrinidad_betag_sf_20260121_051303_10833611.png,0.1283,0.0557,0.9986,0.9967,148.05,56.16,91.89,129.98,130.83,0.85,131.24,133.32,2.08,102.3,371.23,1.8585,1.7125,320,441,EQUIVALENT,Mixed / Unclear
19c1553a,latrinidad_betag_sf_20260116_111335_19c1553a_processed.jpg,latrinidad_betag_sf_20260116_111335_19c1553a.png,0.0887,0.8429,0.9934,0.989,232.25,217.79,14.47,128.07,129.77,1.7,143.66,155.11,11.45,371.89,1954.93,0.8451,0.6833,374,408,CLOSE,Mixed / Unclear
1a3a261f,latrinidad_betag_sf_20260121_050301_1a3a261f_processed.jpg,latrinidad_betag_sf_20260121_050301_1a3a261f.png,0.1313,0.1923,0.9909,0.9959,158.6,73.82,84.77,131.91,136.82,4.91,133.56,137.41,3.85,382.24,1426.31,1.9716,1.7709,439,456,EQUIVALENT,Mixed / Unclear
23079a73,latrinidad_betag_sf_20260121_051258_23079a73_processed.jpg,latrinidad_betag_sf_20260121_051258_23079a73.png,0.1369,0.1109,0.9986,0.9905,152.51,71.52,80.99,129.79,130.6,0.81,131.28,133.53,2.26,84.72,296.15,1.559,1.3848,276,448,CLOSE,Mixed / Unclear
258bea1d,atok_paoay_20260213_012228_258bea1d_processed.jpg,atok_paoay_20260213_012228_258bea1d.png,0.2092,0.5677,0.9395,0.9972,173.61,119.19,54.43,133.3,135.71,2.41,144.08,148.71,4.63,2650.1,8230.76,3.2388,3.1589,465,469,CLOSE,Mixed / Unclear
26970d07,atok_paoay_20260213_011439_26970d07_processed.jpg,atok_paoay_20260213_011439_26970d07.png,0.3746,0.5767,0.983,0.9992,170.27,133.92,36.35,132.72,132.6,0.13,151.41,148.44,2.97,5535.05,12469.33,5.0945,4.9178,470,472,EQUIVALENT,Mixed / Unclear
28cd820d,latrinidad_betag_sf_20260116_111336_28cd820d_processed.jpg,latrinidad_betag_sf_20260116_111336_28cd820d.png,0.1178,0.8685,0.9833,0.9917,221.26,196.86,24.4,130.38,134.41,4.03,143.47,154.33,10.86,536.26,3507.9,1.093,0.8557,352,379,CLOSE,Mixed / Unclear
29c36fd5,latrinidad_betag_sf_20260121_050253_29c36fd5_processed.jpg,latrinidad_betag_sf_20260121_050253_29c36fd5.png,0.0882,0.2028,0.9954,0.9959,159.28,74.5,84.78,132.08,134.98,2.91,132.88,136.64,3.76,253.48,973.21,1.6571,1.4869,429,461,EQUIVALENT,Mixed / Unclear
2b33eda0,latrinidad_balili_20260121_054246_2b33eda0_processed.jpg,latrinidad_balili_20260121_054246_2b33eda0.png,0.0891,0.289,0.9897,0.9975,163.38,81.98,81.4,131.94,134.67,2.73,131.46,134.31,2.85,408.53,1570.8,1.6739,1.5513,448,457,EQUIVALENT,Mixed / Unclear
2c98b4eb,latrinidad_betag_sf_20260121_050257_2c98b4eb_processed.jpg,latrinidad_betag_sf_20260121_050257_2c98b4eb.png,0.0904,0.144,0.9958,0.9983,154.77,65.55,89.22,131.95,134.85,2.9,132.44,136.49,4.05,240.48,941.89,1.7984,1.6432,419,456,EQUIVALENT,Mixed / Unclear
324ef269,atok_paoay_20260213_011101_324ef269_processed.jpg,atok_paoay_20260213_011101_324ef269.png,0.3179,0.6208,0.9503,0.9974,171.16,126.3,44.86,136.38,138.03,1.65,149.48,151.41,1.92,3221.17,9538.28,4.0297,3.8181,453,453,EQUIVALENT,Mixed / Unclear
334240c9,latrinidad_balili_bsuback_20260121_003256_334240c9_processed.jpg,latrinidad_balili_bsuback_20260121_003256_334240c9.png,0.1298,0.7521,0.9666,0.9891,201.95,162.03,39.92,129.62,132.25,2.64,138.9,145.56,6.66,1182.9,3942.27,1.634,1.4486,470,468,CLOSE,AgriCap (TerraScan lost data)
35f05eeb,atok_paoay_20260206_003021_35f05eeb_processed.jpg,atok_paoay_20260206_003021_35f05eeb.png,0.2809,0.9206,0.9843,0.995,182.56,161.64,20.92,130.95,129.89,1.06,134.17,132.23,1.94,5271.99,13605.06,5.4017,5.0843,465,466,CLOSE,Mixed / Unclear
368f12ab,atok_paoay_20260213_020243_368f12ab_processed.jpg,atok_paoay_20260213_020243_368f12ab.png,0.4049,0.4601,0.9509,0.9995,165.92,124.65,41.27,139.44,141.03,1.59,149.0,149.56,0.56,2910.46,7390.28,4.6363,4.4583,462,466,EQUIVALENT,Mixed / Unclear
3c47cabf,latrinidad_balili_bsuback_20260121_011310_3c47cabf_processed.jpg,latrinidad_balili_bsuback_20260121_011310_3c47cabf.png,0.1594,0.8707,0.9703,0.9922,201.63,165.92,35.71,131.28,134.54,3.26,136.67,140.76,4.09,1060.85,3079.75,1.9713,1.8418,461,470,CLOSE,Mixed / Unclear
46e9c8eb,latrinidad_balili_bsuback_20260121_014716_46e9c8eb_processed.jpg,latrinidad_balili_bsuback_20260121_014716_46e9c8eb.png,0.2673,0.4501,0.9731,0.997,199.82,175.5,24.32,130.71,131.84,1.13,142.74,142.98,0.24,4773.52,11639.14,3.7767,3.6252,468,473,EQUIVALENT,Mixed / Unclear
48a2ab5d,atok_paoay_20260213_011138_48a2ab5d_processed.jpg,atok_paoay_20260213_011138_48a2ab5d.png,0.2914,0.6121,0.9648,0.999,184.33,152.69,31.63,135.4,136.49,1.1,155.58,156.29,0.71,3465.64,10089.19,4.0495,3.8028,459,464,EQUIVALENT,Mixed / Unclear
4c69d884,latrinidad_balili_bsuback_20260121_060920_4c69d884_processed.jpg,latrinidad_balili_bsuback_20260121_060920_4c69d884.png,0.287,0.5164,0.9322,0.9975,160.74,100.06,60.68,132.78,133.91,1.13,138.07,140.18,2.11,1882.75,5558.9,4.2862,4.1835,458,466,CLOSE,Mixed / Unclear
4c8bf96a,atok_paoay_20260206_003016_4c8bf96a_processed.jpg,atok_paoay_20260206_003016_4c8bf96a.png,0.3732,0.9614,0.9924,0.9961,173.15,158.05,15.1,130.93,129.37,1.56,134.13,131.33,2.8,6609.03,14303.83,6.2989,5.927,466,458,EQUIVALENT,AgriCap (TerraScan lost data)
526d2fca,latrinidad_balili_bsuback_20260121_004259_526d2fca_processed.jpg,latrinidad_balili_bsuback_20260121_004259_526d2fca.png,0.1048,0.827,0.9903,0.9918,223.45,200.66,22.79,128.35,130.47,2.12,142.09,152.41,10.32,513.93,1629.1,0.9264,0.7715,421,439,CLOSE,Mixed / Unclear
59f748d1,atok_paoay_20260213_011451_59f748d1_processed.jpg,atok_paoay_20260213_011451_59f748d1.png,0.3082,0.6069,0.9701,0.9995,180.41,141.96,38.45,133.58,134.52,0.94,152.24,153.32,1.08,4025.63,10648.47,4.2539,4.0934,472,475,EQUIVALENT,Mixed / Unclear
6a4d8fb4,atok_paoay_20260213_011254_6a4d8fb4_processed.jpg,atok_paoay_20260213_011254_6a4d8fb4.png,0.1117,0.641,0.9734,0.9717,187.26,140.06,47.2,136.65,145.47,8.82,145.15,156.9,11.75,1665.27,6456.94,1.8848,1.7286,464,465,CLOSE,Mixed / Unclear
6c88ac7d,latrinidad_balili_bsuback_20260121_003253_6c88ac7d_processed.jpg,latrinidad_balili_bsuback_20260121_003253_6c88ac7d.png,0.0668,0.3098,0.995,0.989,176.81,106.77,70.05,130.67,133.45,2.78,134.84,140.04,5.2,369.56,1365.91,1.0245,0.8874,431,452,CLOSE,Mixed / Unclear
6fd476b7,latrinidad_balili_bsuback_20260121_011307_6fd476b7_processed.jpg,latrinidad_balili_bsuback_20260121_011307_6fd476b7.png,0.2103,0.8714,0.9628,0.9898,197.08,162.27,34.81,130.21,131.44,1.23,133.75,134.59,0.84,1797.12,4839.81,2.9977,2.7223,468,472,CLOSE,Mixed / Unclear
704ad8fd,latrinidad_balili_bsuback_20260121_004302_704ad8fd_processed.jpg,latrinidad_balili_bsuback_20260121_004302_704ad8fd.png,0.1553,0.7728,0.9603,0.9909,215.18,186.95,28.23,128.67,130.06,1.4,139.79,144.08,4.29,1564.83,4616.06,1.9432,1.811,458,471,CLOSE,Mixed / Unclear
704fd882,atok_paoay_20260206_000409_704fd882_processed.jpg,atok_paoay_20260206_000409_704fd882.png,0.1924,0.6449,0.9915,0.9762,197.25,177.29,19.95,133.65,133.86,0.21,146.89,144.97,1.92,4349.56,10048.07,4.3302,3.9952,453,456,CLOSE,Mixed / Unclear
72d742a8,atok_paoay_20260213_011119_72d742a8_processed.jpg,atok_paoay_20260213_011119_72d742a8.png,0.2235,0.7302,0.9446,0.9963,186.68,150.51,36.17,135.64,139.13,3.49,151.2,158.24,7.04,2120.13,7787.91,3.0787,2.8228,453,466,CLOSE,Mixed / Unclear
77772c5c,atok_paoay_20260213_012311_77772c5c_processed.jpg,atok_paoay_20260213_012311_77772c5c.png,0.4665,0.7214,0.9821,0.9997,160.08,128.17,31.91,134.12,132.77,1.35,150.65,144.71,5.94,5993.98,12137.76,5.9564,5.7591,465,468,EQUIVALENT,Mixed / Unclear
800fbc4f,latrinidad_balili_bsuback_20260121_014708_800fbc4f_processed.jpg,latrinidad_balili_bsuback_20260121_014708_800fbc4f.png,0.2435,0.5675,0.9564,0.995,202.94,177.39,25.55,129.9,131.59,1.69,141.38,143.32,1.94,3309.62,8400.16,3.1672,2.9794,466,470,EQUIVALENT,Mixed / Unclear
807e97a8,latrinidad_balili_bsuback_20260121_011313_807e97a8_processed.jpg,latrinidad_balili_bsuback_20260121_011313_807e97a8.png,0.2227,0.8334,0.958,0.9924,195.24,160.39,34.85,130.24,131.38,1.14,133.42,133.95,0.52,2223.98,5719.15,3.061,2.8849,466,476,CLOSE,Mixed / Unclear
85ae57bd,atok_paoay_20260213_011459_85ae57bd_processed.jpg,atok_paoay_20260213_011459_85ae57bd.png,0.4222,0.6789,0.9829,0.9996,168.04,136.08,31.96,134.3,133.21,1.08,153.24,148.06,5.18,5695.48,12864.91,5.37,5.1772,467,467,EQUIVALENT,Mixed / Unclear
90bd4bdd,atok_paoay_20260206_000415_90bd4bdd_processed.jpg,atok_paoay_20260206_000415_90bd4bdd.png,0.2114,0.6107,0.9941,0.9692,200.73,184.84,15.89,133.01,132.79,0.22,147.67,144.6,3.07,4461.87,10160.37,4.3193,4.0574,459,451,MODERATE_DIVERGENCE,AgriCap (TerraScan lost data)
934ea7e4,atok_paoay_20260213_011337_934ea7e4_processed.jpg,atok_paoay_20260213_011337_934ea7e4.png,0.131,0.6903,0.9707,0.9797,196.29,158.4,37.89,135.08,142.65,7.57,148.74,161.17,12.43,1698.94,6900.12,2.071,1.7636,459,467,CLOSE,Mixed / Unclear
9de47a85,latrinidad_balili_bsuback_20260121_060909_9de47a85_processed.jpg,latrinidad_balili_bsuback_20260121_060909_9de47a85.png,0.2446,0.358,0.9259,0.999,159.43,92.92,66.5,133.83,136.14,2.32,138.64,142.6,3.96,1541.83,4918.42,3.6895,3.5297,458,471,CLOSE,Mixed / Unclear
9fd06765,latrinidad_balili_bsuback_20260121_060915_9fd06765_processed.jpg,latrinidad_balili_bsuback_20260121_060915_9fd06765.png,0.2397,0.2335,0.9474,0.9984,153.34,78.2,75.13,133.75,136.81,3.06,137.47,142.14,4.67,1077.2,3744.63,3.4518,3.3435,455,465,CLOSE,Mixed / Unclear
a18676dc,latrinidad_balili_bsuback_20260121_003130_a18676dc_processed.jpg,latrinidad_balili_bsuback_20260121_003130_a18676dc.png,0.1016,0.6901,0.9879,0.9818,222.71,194.45,28.26,128.24,130.94,2.7,140.72,149.3,8.58,636.8,2589.97,1.1392,0.9635,445,450,CLOSE,Mixed / Unclear
a60e8ff8,atok_paoay_20260213_020233_a60e8ff8_processed.jpg,atok_paoay_20260213_020233_a60e8ff8.png,0.4576,0.5485,0.9605,0.9997,165.01,125.67,39.34,139.88,140.32,0.44,150.59,149.43,1.17,3484.54,8139.12,4.88,4.7418,470,473,EQUIVALENT,Mixed / Unclear
ab7d4593,latrinidad_balili_bsuback_20260121_003300_ab7d4593_processed.jpg,latrinidad_balili_bsuback_20260121_003300_ab7d4593.png,0.1251,0.8173,0.9673,0.9932,217.02,190.59,26.44,128.7,130.92,2.23,142.8,152.01,9.21,1096.77,3826.55,1.4309,1.2865,473,477,CLOSE,Mixed / Unclear
b78157dd,atok_paoay_20260206_003011_b78157dd_processed.jpg,atok_paoay_20260206_003011_b78157dd.png,0.3413,0.9547,0.9916,0.9953,169.38,151.69,17.69,131.57,129.79,1.78,134.61,131.78,2.83,6570.18,14372.98,6.2644,5.9249,466,461,EQUIVALENT,AgriCap (TerraScan lost data)
d425a444,latrinidad_balili_20260121_054249_d425a444_processed.jpg,latrinidad_balili_20260121_054249_d425a444.png,0.1131,0.1229,0.997,0.9936,152.69,59.98,92.71,131.35,133.99,2.64,131.17,133.46,2.29,227.08,865.85,1.6466,1.5235,435,461,CLOSE,Mixed / Unclear
d65883dc,atok_paoay_20260206_000422_d65883dc_processed.jpg,atok_paoay_20260206_000422_d65883dc.png,0.1463,0.4957,0.9862,0.9598,220.54,203.18,17.36,129.63,132.4,2.78,145.75,149.3,3.56,1917.89,5221.48,2.4832,2.4564,449,439,MODERATE_DIVERGENCE,AgriCap (TerraScan lost data)
e1b52b48,latrinidad_betag_sf_20260116_111330_e1b52b48_processed.jpg,latrinidad_betag_sf_20260116_111330_e1b52b48.png,0.0827,0.8357,0.9907,0.9923,227.48,210.43,17.05,128.65,131.48,2.83,144.32,157.18,12.87,380.47,2321.19,0.7642,0.6965,366,408,CLOSE,Mixed / Unclear
ec4306fb,atok_paoay_20260213_012258_ec4306fb_processed.jpg,atok_paoay_20260213_012258_ec4306fb.png,0.432,0.5964,0.9845,0.9997,156.0,117.1,38.9,133.98,132.91,1.07,147.9,143.31,4.59,6077.14,13795.73,5.7549,5.6493,465,468,EQUIVALENT,Mixed / Unclear
ec88f187,latrinidad_balili_20260121_054244_ec88f187_processed.jpg,latrinidad_balili_20260121_054244_ec88f187.png,0.1116,0.1232,0.9932,0.998,154.54,64.02,90.52,131.37,133.33,1.95,130.79,132.0,1.21,305.18,1268.31,1.639,1.4554,420,444,EQUIVALENT,Mixed / Unclear
ed6fc014,atok_paoay_20260213_020214_ed6fc014_processed.jpg,atok_paoay_20260213_020214_ed6fc014.png,0.4511,0.5755,0.9682,0.9995,172.34,142.4,29.94,139.71,139.23,0.48,155.09,151.67,3.42,4341.12,9624.12,5.063,4.8328,464,470,EQUIVALENT,Mixed / Unclear
f4faec79,latrinidad_betag_sf_20260116_100120_f4faec79_processed.jpg,latrinidad_betag_sf_20260116_100120_f4faec79.png,0.1019,0.8447,0.9187,0.9973,206.96,181.48,25.48,130.45,133.74,3.29,140.79,150.62,9.83,1527.54,9516.55,1.498,1.3942,439,449,CLOSE,Mixed / Unclear
f746b179,latrinidad_betag_sf_20260121_051307_f746b179_processed.jpg,latrinidad_betag_sf_20260121_051307_f746b179.png,0.1224,0.0495,0.9985,0.9986,146.34,48.76,97.58,130.52,132.01,1.49,131.35,133.67,2.32,137.09,508.06,1.8695,1.7877,375,440,EQUIVALENT,Mixed / Unclear
f781136b,latrinidad_balili_bsuback_20260121_003133_f781136b_processed.jpg,latrinidad_balili_bsuback_20260121_003133_f781136b.png,0.0941,0.6517,0.9902,0.9697,225.26,197.08,28.18,127.97,129.54,1.57,139.24,147.43,8.19,646.68,2528.13,0.9942,0.8728,438,444,MODERATE_DIVERGENCE,Mixed / Unclear
fc1e061b,atok_paoay_20260213_011314_fc1e061b_processed.jpg,atok_paoay_20260213_011314_fc1e061b.png,0.1488,0.694,0.9746,0.9728,189.72,148.07,41.65,136.27,143.86,7.59,145.46,157.21,11.76,1484.0,6254.99,1.7016,1.57,455,459,CLOSE,Mixed / Unclear
fe0d4ddb,latrinidad_balili_bsuback_20260121_004256_fe0d4ddb_processed.jpg,latrinidad_balili_bsuback_20260121_004256_fe0d4ddb.png,0.1235,0.776,0.9817,0.9957,227.99,208.17,19.82,127.58,128.5,0.91,141.94,150.08,8.15,698.83,2178.14,1.3477,1.1203,434,459,EQUIVALENT,Mixed / Unclear
