accuracy,macro_f1,weighted_f1,booster,colsample_bytree,learning_rate,max_depth,n_estimators,rate_drop,skip_drop,subsample
0.905727923627685,0.9052715914428667,0.9053094542817309,dart,0.7,0.05,4,150,0.1,0.5,0.7
0.9033412887828163,0.9025191419303668,0.9025825776599803,dart,0.7,0.05,4,150,0.1,0.5,0.8
0.9021479713603818,0.9010353292989777,0.9011097798418178,dart,0.7,0.05,4,150,0.1,0.5,0.9
0.9021479713603818,0.9015333265121337,0.9015893820400009,dart,0.7,0.05,4,150,0.2,0.5,0.7
0.9021479713603818,0.9014111655690521,0.9014657696330758,dart,0.7,0.05,4,150,0.2,0.5,0.8
0.9045346062052506,0.9035215771843345,0.9035999457541216,dart,0.7,0.05,4,150,0.2,0.5,0.9
0.9200477326968973,0.9197369534099101,0.9197799261335422,dart,0.7,0.05,4,250,0.1,0.5,0.7
0.918854415274463,0.9186057420052295,0.9186355345381224,dart,0.7,0.05,4,250,0.1,0.5,0.8
0.9164677804295943,0.9160222371628004,0.9160680626996315,dart,0.7,0.05,4,250,0.1,0.5,0.9
0.9212410501193318,0.9209775319456034,0.9210189676021528,dart,0.7,0.05,4,250,0.2,0.5,0.7
0.9152744630071599,0.9149636510310792,0.9149939127506778,dart,0.7,0.05,4,250,0.2,0.5,0.8
0.9164677804295943,0.9159914300437488,0.9160431180560845,dart,0.7,0.05,4,250,0.2,0.5,0.9
0.931980906921241,0.9318715087446497,0.9319146377877511,dart,0.7,0.05,4,350,0.1,0.5,0.7
0.9284009546539379,0.9282025681491926,0.9282322070919047,dart,0.7,0.05,4,350,0.1,0.5,0.8
0.9331742243436754,0.9330988142660711,0.9331350065141704,dart,0.7,0.05,4,350,0.1,0.5,0.9
0.9331742243436754,0.9330773396385748,0.9331134806345798,dart,0.7,0.05,4,350,0.2,0.5,0.7
0.9272076372315036,0.9270458694166726,0.9270819334767395,dart,0.7,0.05,4,350,0.2,0.5,0.8
0.9272076372315036,0.9270446795540057,0.9270719656284879,dart,0.7,0.05,4,350,0.2,0.5,0.9
0.9260143198090692,0.9258769928149452,0.9259040172547528,dart,0.7,0.05,6,150,0.1,0.5,0.7
0.9295942720763724,0.9295509274551057,0.9295855772109923,dart,0.7,0.05,6,150,0.1,0.5,0.8
0.9343675417661098,0.934561951530667,0.9345917771225228,dart,0.7,0.05,6,150,0.1,0.5,0.9
0.9212410501193318,0.9211141523788264,0.9211546281721762,dart,0.7,0.05,6,150,0.2,0.5,0.7
0.9343675417661098,0.934386718645024,0.934422710374458,dart,0.7,0.05,6,150,0.2,0.5,0.8
0.9355608591885441,0.9356131712091668,0.9356452941199399,dart,0.7,0.05,6,150,0.2,0.5,0.9
0.9355608591885441,0.93538576331931,0.9354129893277031,dart,0.7,0.05,6,250,0.1,0.5,0.7
0.9379474940334129,0.9378402515542003,0.9378667425929235,dart,0.7,0.05,6,250,0.1,0.5,0.8
0.9415274463007159,0.9414351694657074,0.9414549317973068,dart,0.7,0.05,6,250,0.1,0.5,0.9
0.9403341288782816,0.9402316394668772,0.940253893563467,dart,0.7,0.05,6,250,0.2,0.5,0.7
0.9367541766109785,0.936715106001892,0.9367453314746617,dart,0.7,0.05,6,250,0.2,0.5,0.8
0.9415274463007159,0.941398464011417,0.9414280417896492,dart,0.7,0.05,6,250,0.2,0.5,0.9
0.9403341288782816,0.9401053981870231,0.9401227741118429,dart,0.7,0.05,6,350,0.1,0.5,0.7
0.9451073985680191,0.9450676045342412,0.9450957993967647,dart,0.7,0.05,6,350,0.1,0.5,0.8
0.9415274463007159,0.9414367376125571,0.9414562669215684,dart,0.7,0.05,6,350,0.1,0.5,0.9
0.9415274463007159,0.9413492772125821,0.9413640554778878,dart,0.7,0.05,6,350,0.2,0.5,0.7
0.9427207637231504,0.9426612153404869,0.9426944331865187,dart,0.7,0.05,6,350,0.2,0.5,0.8
0.9439140811455847,0.9438244706714997,0.9438595607548879,dart,0.7,0.05,6,350,0.2,0.5,0.9
0.9355608591885441,0.9355695703130671,0.935586867196086,dart,0.7,0.05,8,150,0.1,0.5,0.7
0.9379474940334129,0.9380380304517659,0.9380565640000563,dart,0.7,0.05,8,150,0.1,0.5,0.8
0.9415274463007159,0.9416531296953699,0.9416546147516252,dart,0.7,0.05,8,150,0.1,0.5,0.9
0.9391408114558473,0.9391708481687323,0.9391968644121087,dart,0.7,0.05,8,150,0.2,0.5,0.7
0.9379474940334129,0.937997755145575,0.9380264761121017,dart,0.7,0.05,8,150,0.2,0.5,0.8
0.9415274463007159,0.9415444963292562,0.9415613283419731,dart,0.7,0.05,8,150,0.2,0.5,0.9
0.9439140811455847,0.9438119225097894,0.9438371400448339,dart,0.7,0.05,8,250,0.1,0.5,0.7
0.9391408114558473,0.9391903944187374,0.9392107934106839,dart,0.7,0.05,8,250,0.1,0.5,0.8
0.9403341288782816,0.9403661300933982,0.9403887051700035,dart,0.7,0.05,8,250,0.1,0.5,0.9
0.9451073985680191,0.9450343998256842,0.9450633712156241,dart,0.7,0.05,8,250,0.2,0.5,0.7
0.9379474940334129,0.9378934265726083,0.9379146391063565,dart,0.7,0.05,8,250,0.2,0.5,0.8
0.9415274463007159,0.9414550014120235,0.9414801752268595,dart,0.7,0.05,8,250,0.2,0.5,0.9
0.9439140811455847,0.9437945399401352,0.9438202826271376,dart,0.7,0.05,8,350,0.1,0.5,0.7
0.9451073985680191,0.9450459070814328,0.9450641880326015,dart,0.7,0.05,8,350,0.1,0.5,0.8
0.9474940334128878,0.9474197195469459,0.9474529905018155,dart,0.7,0.05,8,350,0.1,0.5,0.9
0.9439140811455847,0.9438139743030037,0.943839763372734,dart,0.7,0.05,8,350,0.2,0.5,0.7
0.9451073985680191,0.945079417246049,0.9451028205553923,dart,0.7,0.05,8,350,0.2,0.5,0.8
0.9451073985680191,0.9449715572128168,0.9449995228454562,dart,0.7,0.05,8,350,0.2,0.5,0.9
0.9272076372315036,0.9270148349952211,0.9270498636399127,dart,0.7,0.1,4,150,0.1,0.5,0.7
0.9260143198090692,0.9257458797051504,0.9257933533312255,dart,0.7,0.1,4,150,0.1,0.5,0.8
0.9331742243436754,0.9330397841992235,0.9330813783993505,dart,0.7,0.1,4,150,0.1,0.5,0.9
0.9272076372315036,0.9270692787419591,0.9271165129024328,dart,0.7,0.1,4,150,0.2,0.5,0.7
0.9248210023866349,0.9245207018747214,0.9245576668040609,dart,0.7,0.1,4,150,0.2,0.5,0.8
0.9295942720763724,0.9293469207652116,0.9293942143685463,dart,0.7,0.1,4,150,0.2,0.5,0.9
0.9427207637231504,0.9425180350609745,0.9425602538576484,dart,0.7,0.1,4,250,0.1,0.5,0.7
0.9427207637231504,0.9425235337528911,0.9425565915509071,dart,0.7,0.1,4,250,0.1,0.5,0.8
0.9463007159904535,0.9461485395799192,0.946180895350857,dart,0.7,0.1,4,250,0.1,0.5,0.9
0.9391408114558473,0.9389051623984612,0.9389503331142605,dart,0.7,0.1,4,250,0.2,0.5,0.7
0.9415274463007159,0.9413767779521848,0.9414031578069413,dart,0.7,0.1,4,250,0.2,0.5,0.8
0.9439140811455847,0.9437583515337966,0.9438043388840863,dart,0.7,0.1,4,250,0.2,0.5,0.9
0.9451073985680191,0.9449623361615351,0.9450110920119876,dart,0.7,0.1,4,350,0.1,0.5,0.7
0.9486873508353222,0.9484925041562946,0.9485096673568604,dart,0.7,0.1,4,350,0.1,0.5,0.8
0.9486873508353222,0.9484639105236808,0.9485064948539196,dart,0.7,0.1,4,350,0.1,0.5,0.9
0.9439140811455847,0.9436493163803855,0.9436959524266447,dart,0.7,0.1,4,350,0.2,0.5,0.7
0.9463007159904535,0.9460609837879683,0.9460883298010855,dart,0.7,0.1,4,350,0.2,0.5,0.8
0.9463007159904535,0.9461316391311303,0.9461732026885015,dart,0.7,0.1,4,350,0.2,0.5,0.9
0.9403341288782816,0.9403102463636873,0.9403270871494317,dart,0.7,0.1,6,150,0.1,0.5,0.7
0.9451073985680191,0.9449418897935912,0.9449700213861166,dart,0.7,0.1,6,150,0.1,0.5,0.8
0.9451073985680191,0.9449767464053851,0.9450103253395369,dart,0.7,0.1,6,150,0.1,0.5,0.9
0.9379474940334129,0.9378323301028643,0.9378593593102731,dart,0.7,0.1,6,150,0.2,0.5,0.7
0.9451073985680191,0.944906296149468,0.9449397069445844,dart,0.7,0.1,6,150,0.2,0.5,0.8
0.9427207637231504,0.9425513136473419,0.9425892519116535,dart,0.7,0.1,6,150,0.2,0.5,0.9
0.9427207637231504,0.9425313844559061,0.9425535458142111,dart,0.7,0.1,6,250,0.1,0.5,0.7
0.9498806682577565,0.9497339841737882,0.9497540508779327,dart,0.7,0.1,6,250,0.1,0.5,0.8
0.9486873508353222,0.9485570808131724,0.9485791584245574,dart,0.7,0.1,6,250,0.1,0.5,0.9
0.9427207637231504,0.9425260590853283,0.9425535243540706,dart,0.7,0.1,6,250,0.2,0.5,0.7
0.9498806682577565,0.949681191357192,0.9497112746988883,dart,0.7,0.1,6,250,0.2,0.5,0.8
0.9451073985680191,0.9449810374280005,0.945008217315349,dart,0.7,0.1,6,250,0.2,0.5,0.9
0.9439140811455847,0.9437807645135221,0.9438010901468403,dart,0.7,0.1,6,350,0.1,0.5,0.7
0.9486873508353222,0.9485530200354495,0.948574851438789,dart,0.7,0.1,6,350,0.1,0.5,0.8
0.9498806682577565,0.9497538512521152,0.949774163694595,dart,0.7,0.1,6,350,0.1,0.5,0.9
0.9486873508353222,0.9484974419139114,0.9485297988463504,dart,0.7,0.1,6,350,0.2,0.5,0.7
0.951073985680191,0.9508515638685677,0.9508844404620813,dart,0.7,0.1,6,350,0.2,0.5,0.8
0.9474940334128878,0.9473730263980947,0.9473922781039544,dart,0.7,0.1,6,350,0.2,0.5,0.9
0.9415274463007159,0.9413827686785126,0.9414129353391936,dart,0.7,0.1,8,150,0.1,0.5,0.7
0.9427207637231504,0.9424957673601071,0.9425276863138737,dart,0.7,0.1,8,150,0.1,0.5,0.8
0.9439140811455847,0.943869693305242,0.9438952659562674,dart,0.7,0.1,8,150,0.1,0.5,0.9
0.9415274463007159,0.9414414886639866,0.9414700022312674,dart,0.7,0.1,8,150,0.2,0.5,0.7
0.9439140811455847,0.9437330834192625,0.9437628723400416,dart,0.7,0.1,8,150,0.2,0.5,0.8
0.9439140811455847,0.9438478562132572,0.943873376747118,dart,0.7,0.1,8,150,0.2,0.5,0.9
0.9415274463007159,0.941350702281242,0.9413801660696647,dart,0.7,0.1,8,250,0.1,0.5,0.7
0.9486873508353222,0.9485082158943225,0.9485288632629765,dart,0.7,0.1,8,250,0.1,0.5,0.8
0.9463007159904535,0.9462291122942413,0.9462542686630563,dart,0.7,0.1,8,250,0.1,0.5,0.9
0.9391408114558473,0.9390025540805221,0.9390252468015418,dart,0.7,0.1,8,250,0.2,0.5,0.7
0.9474940334128878,0.9473335018787827,0.9473569682449013,dart,0.7,0.1,8,250,0.2,0.5,0.8
0.9451073985680191,0.9449620870841758,0.9449894925677738,dart,0.7,0.1,8,250,0.2,0.5,0.9
0.9427207637231504,0.9425617983325952,0.9425986539510312,dart,0.7,0.1,8,350,0.1,0.5,0.7
0.9498806682577565,0.9496865404018136,0.9497100000007955,dart,0.7,0.1,8,350,0.1,0.5,0.8
0.9474940334128878,0.9474623150656244,0.9474856355662945,dart,0.7,0.1,8,350,0.1,0.5,0.9
0.9439140811455847,0.943881943951486,0.9439012914650331,dart,0.7,0.1,8,350,0.2,0.5,0.7
0.9486873508353222,0.9485599321114251,0.9485863255186717,dart,0.7,0.1,8,350,0.2,0.5,0.8
0.9451073985680191,0.9450031611218443,0.9450306646341718,dart,0.7,0.1,8,350,0.2,0.5,0.9
0.9451073985680191,0.9449938281628957,0.9450278637050478,dart,0.7,0.2,4,150,0.1,0.5,0.7
0.9439140811455847,0.9437754683031835,0.9438169206704776,dart,0.7,0.2,4,150,0.1,0.5,0.8
0.9439140811455847,0.9436994323686132,0.9437404405476428,dart,0.7,0.2,4,150,0.1,0.5,0.9
0.9439140811455847,0.9437626568279497,0.9437993408020943,dart,0.7,0.2,4,150,0.2,0.5,0.7
0.9451073985680191,0.9449189434255201,0.9449518070188607,dart,0.7,0.2,4,150,0.2,0.5,0.8
0.9415274463007159,0.9413773585912107,0.9414217905515601,dart,0.7,0.2,4,150,0.2,0.5,0.9
0.9474940334128878,0.94735839580869,0.9473990068132744,dart,0.7,0.2,4,250,0.1,0.5,0.7
0.9463007159904535,0.9461665710324342,0.9462087221037351,dart,0.7,0.2,4,250,0.1,0.5,0.8
0.9427207637231504,0.9424814834764907,0.9425246727879666,dart,0.7,0.2,4,250,0.1,0.5,0.9
0.9474940334128878,0.947229763366338,0.947260197585673,dart,0.7,0.2,4,250,0.2,0.5,0.7
0.9427207637231504,0.9425270922809645,0.9425646760223311,dart,0.7,0.2,4,250,0.2,0.5,0.8
0.9463007159904535,0.9461225515997216,0.9461639821380604,dart,0.7,0.2,4,250,0.2,0.5,0.9
0.9463007159904535,0.9461091169654059,0.9461512919048777,dart,0.7,0.2,4,350,0.1,0.5,0.7
0.9451073985680191,0.9449800307772287,0.9450238549326311,dart,0.7,0.2,4,350,0.1,0.5,0.8
0.9463007159904535,0.9461346490524275,0.9461812288600379,dart,0.7,0.2,4,350,0.1,0.5,0.9
0.9463007159904535,0.9461086554446856,0.9461509384608747,dart,0.7,0.2,4,350,0.2,0.5,0.7
0.9439140811455847,0.9437657292308211,0.9438111232886661,dart,0.7,0.2,4,350,0.2,0.5,0.8
0.9463007159904535,0.9461266613558064,0.9461681017026321,dart,0.7,0.2,4,350,0.2,0.5,0.9
0.9474940334128878,0.9474033342049308,0.9474471711634287,dart,0.7,0.2,6,150,0.1,0.5,0.7
0.9439140811455847,0.9437314198243344,0.9437478509200825,dart,0.7,0.2,6,150,0.1,0.5,0.8
0.9498806682577565,0.9496978009502152,0.9497226010440276,dart,0.7,0.2,6,150,0.1,0.5,0.9
0.9415274463007159,0.9414589305923824,0.9414983217968006,dart,0.7,0.2,6,150,0.2,0.5,0.7
0.9474940334128878,0.947414939966998,0.9474475803921609,dart,0.7,0.2,6,150,0.2,0.5,0.8
0.9534606205250596,0.9533233437859723,0.9533521753037119,dart,0.7,0.2,6,150,0.2,0.5,0.9
0.9474940334128878,0.9474333730502654,0.9474670386325149,dart,0.7,0.2,6,250,0.1,0.5,0.7
0.9463007159904535,0.9461397484289179,0.946166478407932,dart,0.7,0.2,6,250,0.1,0.5,0.8
0.9486873508353222,0.9484964280978375,0.9485183609533387,dart,0.7,0.2,6,250,0.1,0.5,0.9
0.9451073985680191,0.9450218252239957,0.9450599783901767,dart,0.7,0.2,6,250,0.2,0.5,0.7
0.9474940334128878,0.947393396752978,0.9474279642762077,dart,0.7,0.2,6,250,0.2,0.5,0.8
0.951073985680191,0.9508936571109652,0.9509266474239071,dart,0.7,0.2,6,250,0.2,0.5,0.9
0.9498806682577565,0.9497959402770165,0.9498251607426399,dart,0.7,0.2,6,350,0.1,0.5,0.7
0.9486873508353222,0.948531304432928,0.9485637421828347,dart,0.7,0.2,6,350,0.1,0.5,0.8
0.951073985680191,0.9509398465000906,0.950962332004991,dart,0.7,0.2,6,350,0.1,0.5,0.9
0.9474940334128878,0.9474139456546595,0.9474475648708097,dart,0.7,0.2,6,350,0.2,0.5,0.7
0.9498806682577565,0.9498099818507748,0.9498355528225408,dart,0.7,0.2,6,350,0.2,0.5,0.8
0.9498806682577565,0.9496746408758024,0.949704721842121,dart,0.7,0.2,6,350,0.2,0.5,0.9
0.9498806682577565,0.9499120311076418,0.9499413692735756,dart,0.7,0.2,8,150,0.1,0.5,0.7
0.9451073985680191,0.9448879371783482,0.9449111609328322,dart,0.7,0.2,8,150,0.1,0.5,0.8
0.9463007159904535,0.9462135042585695,0.9462438964180012,dart,0.7,0.2,8,150,0.1,0.5,0.9
0.9486873508353222,0.9486365044005768,0.9486684189119068,dart,0.7,0.2,8,150,0.2,0.5,0.7
0.9498806682577565,0.9497288120378896,0.9497636055203493,dart,0.7,0.2,8,150,0.2,0.5,0.8
0.9463007159904535,0.9461401457301539,0.9461566126499655,dart,0.7,0.2,8,150,0.2,0.5,0.9
0.954653937947494,0.9546082197204733,0.9546390246070748,dart,0.7,0.2,8,250,0.1,0.5,0.7
0.9463007159904535,0.9461081458680993,0.9461241422495597,dart,0.7,0.2,8,250,0.1,0.5,0.8
0.9463007159904535,0.9461819124373516,0.9462122291986421,dart,0.7,0.2,8,250,0.1,0.5,0.9
0.9463007159904535,0.9461935463868942,0.9462098089069331,dart,0.7,0.2,8,250,0.2,0.5,0.7
0.9474940334128878,0.9473306339737853,0.9473650237007037,dart,0.7,0.2,8,250,0.2,0.5,0.8
0.9486873508353222,0.948501970135713,0.9485187922417355,dart,0.7,0.2,8,250,0.2,0.5,0.9
0.9534606205250596,0.9534056761327605,0.9534388409829969,dart,0.7,0.2,8,350,0.1,0.5,0.7
0.9474940334128878,0.9473051845070403,0.9473194545532689,dart,0.7,0.2,8,350,0.1,0.5,0.8
0.9498806682577565,0.9497821855460965,0.9498117702644837,dart,0.7,0.2,8,350,0.1,0.5,0.9
0.9498806682577565,0.9498142447997729,0.9498388382148469,dart,0.7,0.2,8,350,0.2,0.5,0.7
0.9474940334128878,0.9473767623994382,0.9474118088307201,dart,0.7,0.2,8,350,0.2,0.5,0.8
0.9486873508353222,0.9484792621769722,0.9485006542384381,dart,0.7,0.2,8,350,0.2,0.5,0.9
0.9081145584725537,0.9074695709626753,0.907523147272738,dart,0.8,0.05,4,150,0.1,0.5,0.7
0.9021479713603818,0.9015437178985464,0.901604494827713,dart,0.8,0.05,4,150,0.1,0.5,0.8
0.9069212410501193,0.9061098711485701,0.9061728544020149,dart,0.8,0.05,4,150,0.1,0.5,0.9
0.9033412887828163,0.9024769573901229,0.9025402924406427,dart,0.8,0.05,4,150,0.2,0.5,0.7
0.9021479713603818,0.9013018897155972,0.9013706128525737,dart,0.8,0.05,4,150,0.2,0.5,0.8
0.9009546539379475,0.9002415175776919,0.9003034751579153,dart,0.8,0.05,4,150,0.2,0.5,0.9
0.9176610978520287,0.9171801577187322,0.9172273155238355,dart,0.8,0.05,4,250,0.1,0.5,0.7
0.9200477326968973,0.9196524327202982,0.9197069222083406,dart,0.8,0.05,4,250,0.1,0.5,0.8
0.918854415274463,0.9185650486439734,0.9186096837255302,dart,0.8,0.05,4,250,0.1,0.5,0.9
0.9140811455847255,0.9135547121853385,0.9136110066281482,dart,0.8,0.05,4,250,0.2,0.5,0.7
0.9224343675417661,0.9222363843625193,0.9222782744756465,dart,0.8,0.05,4,250,0.2,0.5,0.8
0.9128878281622912,0.9124341933407416,0.912486234425411,dart,0.8,0.05,4,250,0.2,0.5,0.9
0.9331742243436754,0.9331134698875172,0.9331448434395847,dart,0.8,0.05,4,350,0.1,0.5,0.7
0.9331742243436754,0.933072649945926,0.93310853281496,dart,0.8,0.05,4,350,0.1,0.5,0.8
0.9355608591885441,0.9354700404493033,0.9355125347264718,dart,0.8,0.05,4,350,0.1,0.5,0.9
0.9331742243436754,0.9331376265805265,0.9331735514497329,dart,0.8,0.05,4,350,0.2,0.5,0.7
0.931980906921241,0.9319357058390004,0.9319688752376121,dart,0.8,0.05,4,350,0.2,0.5,0.8
0.9272076372315036,0.9271474923458445,0.9271857367641723,dart,0.8,0.05,4,350,0.2,0.5,0.9
0.9367541766109785,0.9367088891930928,0.9367402238014639,dart,0.8,0.05,6,150,0.1,0.5,0.7
0.931980906921241,0.9318998835798785,0.9319250721245294,dart,0.8,0.05,6,150,0.1,0.5,0.8
0.9331742243436754,0.9331244396335718,0.9331784122264399,dart,0.8,0.05,6,150,0.1,0.5,0.9
0.931980906921241,0.9318796841815916,0.9319153393547588,dart,0.8,0.05,6,150,0.2,0.5,0.7
0.9367541766109785,0.9367392571854075,0.9367697134894237,dart,0.8,0.05,6,150,0.2,0.5,0.8
0.9355608591885441,0.9355577075732227,0.9355917551130624,dart,0.8,0.05,6,150,0.2,0.5,0.9
0.9415274463007159,0.941438425142835,0.941468071338877,dart,0.8,0.05,6,250,0.1,0.5,0.7
0.9403341288782816,0.9402577018219592,0.9402760747034823,dart,0.8,0.05,6,250,0.1,0.5,0.8
0.9427207637231504,0.9426811145546784,0.9427044355810148,dart,0.8,0.05,6,250,0.1,0.5,0.9
0.9391408114558473,0.9390782575202831,0.939112154961048,dart,0.8,0.05,6,250,0.2,0.5,0.7
0.9391408114558473,0.9390904321031369,0.9391000182426137,dart,0.8,0.05,6,250,0.2,0.5,0.8
0.9463007159904535,0.9461872706393161,0.9462135954283132,dart,0.8,0.05,6,250,0.2,0.5,0.9
0.9415274463007159,0.9413526432700594,0.9413820847360945,dart,0.8,0.05,6,350,0.1,0.5,0.7
0.9439140811455847,0.9438354466479588,0.9438508386720785,dart,0.8,0.05,6,350,0.1,0.5,0.8
0.9474940334128878,0.9474213485409892,0.9474460384630764,dart,0.8,0.05,6,350,0.1,0.5,0.9
0.9415274463007159,0.9414154391274242,0.9414402537518756,dart,0.8,0.05,6,350,0.2,0.5,0.7
0.9439140811455847,0.9438354466479588,0.9438508386720785,dart,0.8,0.05,6,350,0.2,0.5,0.8
0.9427207637231504,0.9426161479566785,0.9426384920875136,dart,0.8,0.05,6,350,0.2,0.5,0.9
0.9391408114558473,0.9390043731432935,0.9390393006498428,dart,0.8,0.05,8,150,0.1,0.5,0.7
0.9379474940334129,0.9377649226970763,0.9377892596863824,dart,0.8,0.05,8,150,0.1,0.5,0.8
0.9403341288782816,0.9403972828453172,0.9404221748230485,dart,0.8,0.05,8,150,0.1,0.5,0.9
0.9379474940334129,0.937857208517304,0.937870576467593,dart,0.8,0.05,8,150,0.2,0.5,0.7
0.9379474940334129,0.9378153681789583,0.9378390492758089,dart,0.8,0.05,8,150,0.2,0.5,0.8
0.9379474940334129,0.9380832377060456,0.9380969395439208,dart,0.8,0.05,8,150,0.2,0.5,0.9
0.9427207637231504,0.942562005594472,0.9425895566544057,dart,0.8,0.05,8,250,0.1,0.5,0.7
0.9463007159904535,0.9461408970524767,0.9461625310044244,dart,0.8,0.05,8,250,0.1,0.5,0.8
0.9415274463007159,0.941484588590387,0.941495861725123,dart,0.8,0.05,8,250,0.1,0.5,0.9
0.9463007159904535,0.9461178828567979,0.946144798029411,dart,0.8,0.05,8,250,0.2,0.5,0.7
0.9463007159904535,0.946121122739809,0.9461325668629655,dart,0.8,0.05,8,250,0.2,0.5,0.8
0.9427207637231504,0.9426696888418226,0.9427039311151247,dart,0.8,0.05,8,250,0.2,0.5,0.9
0.9451073985680191,0.9449137898721085,0.944946641165799,dart,0.8,0.05,8,350,0.1,0.5,0.7
0.9439140811455847,0.9437738296994427,0.9437895747403866,dart,0.8,0.05,8,350,0.1,0.5,0.8
0.9486873508353222,0.9485723842568097,0.9485898769689902,dart,0.8,0.05,8,350,0.1,0.5,0.9
0.9451073985680191,0.9448709281020832,0.9448946942272737,dart,0.8,0.05,8,350,0.2,0.5,0.7
0.9463007159904535,0.9461746005021271,0.9461907554865326,dart,0.8,0.05,8,350,0.2,0.5,0.8
0.9498806682577565,0.9498284901464819,0.9498543065486693,dart,0.8,0.05,8,350,0.2,0.5,0.9
0.9224343675417661,0.9222090627184203,0.9222563469168621,dart,0.8,0.1,4,150,0.1,0.5,0.7
0.9307875894988067,0.9305638589635816,0.9306051338426903,dart,0.8,0.1,4,150,0.1,0.5,0.8
0.9295942720763724,0.9294315468844838,0.9294698633263696,dart,0.8,0.1,4,150,0.1,0.5,0.9
0.9236276849642004,0.923451991724915,0.9234920864480768,dart,0.8,0.1,4,150,0.2,0.5,0.7
0.9272076372315036,0.9268575432596728,0.9268956098978364,dart,0.8,0.1,4,150,0.2,0.5,0.8
0.9272076372315036,0.9269650011737492,0.927007799752967,dart,0.8,0.1,4,150,0.2,0.5,0.9
0.9391408114558473,0.9388311670646836,0.9388668811085362,dart,0.8,0.1,4,250,0.1,0.5,0.7
0.9403341288782816,0.9402192878150537,0.9402528603022203,dart,0.8,0.1,4,250,0.1,0.5,0.8
0.9427207637231504,0.942611980217835,0.9426548944316463,dart,0.8,0.1,4,250,0.1,0.5,0.9
0.9415274463007159,0.9412859510596946,0.9413268434202436,dart,0.8,0.1,4,250,0.2,0.5,0.7
0.9451073985680191,0.9449687564327258,0.9450074332833148,dart,0.8,0.1,4,250,0.2,0.5,0.8
0.9415274463007159,0.9413951813963656,0.9414360955840607,dart,0.8,0.1,4,250,0.2,0.5,0.9
0.9463007159904535,0.9460681353247841,0.9461001893385372,dart,0.8,0.1,4,350,0.1,0.5,0.7
0.9451073985680191,0.9449571849538846,0.9449910190701415,dart,0.8,0.1,4,350,0.1,0.5,0.8
0.9486873508353222,0.9485426013066496,0.9485796758823548,dart,0.8,0.1,4,350,0.1,0.5,0.9
0.9463007159904535,0.946143041604784,0.9461805277718,dart,0.8,0.1,4,350,0.2,0.5,0.7
0.9486873508353222,0.9485727270872958,0.9486060677144926,dart,0.8,0.1,4,350,0.2,0.5,0.8
0.9451073985680191,0.9449637535856337,0.9450168193660644,dart,0.8,0.1,4,350,0.2,0.5,0.9
0.9439140811455847,0.9437440705532959,0.9437747075403068,dart,0.8,0.1,6,150,0.1,0.5,0.7
0.9427207637231504,0.9425280890974594,0.9425684065794289,dart,0.8,0.1,6,150,0.1,0.5,0.8
0.9415274463007159,0.9413426679257044,0.9413627945686779,dart,0.8,0.1,6,150,0.1,0.5,0.9
0.9391408114558473,0.9390353349849737,0.9390589740923633,dart,0.8,0.1,6,150,0.2,0.5,0.7
0.9427207637231504,0.9424600513206352,0.9425020657692793,dart,0.8,0.1,6,150,0.2,0.5,0.8
0.9439140811455847,0.9438138079727105,0.9438398323246269,dart,0.8,0.1,6,150,0.2,0.5,0.9
0.9463007159904535,0.9461235334148881,0.9461556088713557,dart,0.8,0.1,6,250,0.1,0.5,0.7
0.9451073985680191,0.9448803270029943,0.944906918232539,dart,0.8,0.1,6,250,0.1,0.5,0.8
0.9474940334128878,0.9473872766258765,0.9474111455711844,dart,0.8,0.1,6,250,0.1,0.5,0.9
0.9427207637231504,0.9426960035315649,0.9427191244132962,dart,0.8,0.1,6,250,0.2,0.5,0.7
0.9474940334128878,0.9472927032137467,0.9473262085743123,dart,0.8,0.1,6,250,0.2,0.5,0.8
0.9451073985680191,0.9449823219561984,0.9450004511528914,dart,0.8,0.1,6,250,0.2,0.5,0.9
0.9498806682577565,0.9497543220572268,0.9497797756544626,dart,0.8,0.1,6,350,0.1,0.5,0.7
0.9486873508353222,0.9484782850590926,0.9485044836046391,dart,0.8,0.1,6,350,0.1,0.5,0.8
0.9451073985680191,0.9449478909081559,0.9449712740776567,dart,0.8,0.1,6,350,0.1,0.5,0.9
0.9439140811455847,0.9438250317474669,0.943836169037637,dart,0.8,0.1,6,350,0.2,0.5,0.7
0.9486873508353222,0.9485024583565121,0.9485343086531876,dart,0.8,0.1,6,350,0.2,0.5,0.8
0.9451073985680191,0.9449896941013477,0.94501316071245,dart,0.8,0.1,6,350,0.2,0.5,0.9
0.9439140811455847,0.94379094704466,0.9438075202101461,dart,0.8,0.1,8,150,0.1,0.5,0.7
0.9463007159904535,0.9460949728827749,0.9461111743415813,dart,0.8,0.1,8,150,0.1,0.5,0.8
0.9451073985680191,0.9450982668680089,0.9451227798743488,dart,0.8,0.1,8,150,0.1,0.5,0.9
0.9379474940334129,0.9377781648458138,0.9377996593662056,dart,0.8,0.1,8,150,0.2,0.5,0.7
0.9463007159904535,0.9461154724744062,0.9461410851604599,dart,0.8,0.1,8,150,0.2,0.5,0.8
0.9391408114558473,0.9392112613620818,0.9392415815748825,dart,0.8,0.1,8,150,0.2,0.5,0.9
0.9403341288782816,0.940205389798561,0.9402422866262575,dart,0.8,0.1,8,250,0.1,0.5,0.7
0.9451073985680191,0.9449061157605693,0.9449240630809005,dart,0.8,0.1,8,250,0.1,0.5,0.8
0.9463007159904535,0.9462970494623889,0.9463236362533504,dart,0.8,0.1,8,250,0.1,0.5,0.9
0.9391408114558473,0.9388940212212583,0.9389181998971184,dart,0.8,0.1,8,250,0.2,0.5,0.7
0.9474940334128878,0.9473516471830717,0.9473706113481002,dart,0.8,0.1,8,250,0.2,0.5,0.8
0.9463007159904535,0.946307260784802,0.9463338719464615,dart,0.8,0.1,8,250,0.2,0.5,0.9
0.9427207637231504,0.9426238709378693,0.9426519043642029,dart,0.8,0.1,8,350,0.1,0.5,0.7
0.9463007159904535,0.9461441267028202,0.94615007198191,dart,0.8,0.1,8,350,0.1,0.5,0.8
0.9474940334128878,0.9474470552388689,0.9474809289813558,dart,0.8,0.1,8,350,0.1,0.5,0.9
0.9439140811455847,0.9436644840814796,0.9436846433313395,dart,0.8,0.1,8,350,0.2,0.5,0.7
0.9474940334128878,0.9473204791398303,0.9473393689181207,dart,0.8,0.1,8,350,0.2,0.5,0.8
0.9474940334128878,0.9475406147835838,0.9475701695108727,dart,0.8,0.1,8,350,0.2,0.5,0.9
0.9463007159904535,0.9461641275530903,0.9462102768975108,dart,0.8,0.2,4,150,0.1,0.5,0.7
0.9463007159904535,0.9460038027148965,0.9460304769046419,dart,0.8,0.2,4,150,0.1,0.5,0.8
0.9486873508353222,0.9484449039347561,0.9484935345805127,dart,0.8,0.2,4,150,0.1,0.5,0.9
0.9463007159904535,0.946067595656922,0.9461051707806635,dart,0.8,0.2,4,150,0.2,0.5,0.7
0.9486873508353222,0.9485713112788926,0.9486094493211884,dart,0.8,0.2,4,150,0.2,0.5,0.8
0.9427207637231504,0.9424585845726534,0.9425074873633429,dart,0.8,0.2,4,150,0.2,0.5,0.9
0.9486873508353222,0.9485278993570417,0.9485706364052596,dart,0.8,0.2,4,250,0.1,0.5,0.7
0.9463007159904535,0.9459883416046914,0.9460109597075782,dart,0.8,0.2,4,250,0.1,0.5,0.8
0.9463007159904535,0.9460433417889028,0.9460899440238282,dart,0.8,0.2,4,250,0.1,0.5,0.9
0.9451073985680191,0.9447839555898855,0.9448221913883436,dart,0.8,0.2,4,250,0.2,0.5,0.7
0.9486873508353222,0.9484891687915182,0.9485362265671508,dart,0.8,0.2,4,250,0.2,0.5,0.8
0.9463007159904535,0.9460715951251876,0.9461091490130507,dart,0.8,0.2,4,250,0.2,0.5,0.9
0.9486873508353222,0.9485535172500258,0.948595286799542,dart,0.8,0.2,4,350,0.1,0.5,0.7
0.9463007159904535,0.9460225809001023,0.9460506190736745,dart,0.8,0.2,4,350,0.1,0.5,0.8
0.9486873508353222,0.9484542723415218,0.948495951225679,dart,0.8,0.2,4,350,0.1,0.5,0.9
0.9522673031026253,0.9520801581672744,0.952116546862785,dart,0.8,0.2,4,350,0.2,0.5,0.7
0.9486873508353222,0.9484873817992933,0.9485307012878105,dart,0.8,0.2,4,350,0.2,0.5,0.8
0.9451073985680191,0.944835315934396,0.9448691320035746,dart,0.8,0.2,4,350,0.2,0.5,0.9
0.9474940334128878,0.947455429466988,0.9474939628072876,dart,0.8,0.2,6,150,0.1,0.5,0.7
0.9463007159904535,0.946212523791537,0.9462442449977337,dart,0.8,0.2,6,150,0.1,0.5,0.8
0.9463007159904535,0.946160026128981,0.9461870731669701,dart,0.8,0.2,6,150,0.1,0.5,0.9
0.9486873508353222,0.9486237066161022,0.9486602130899168,dart,0.8,0.2,6,150,0.2,0.5,0.7
0.9451073985680191,0.944966419584525,0.9449999738723264,dart,0.8,0.2,6,150,0.2,0.5,0.8
0.9451073985680191,0.9450385359346866,0.9450827637240328,dart,0.8,0.2,6,150,0.2,0.5,0.9
0.9486873508353222,0.948587343786407,0.9486240672222126,dart,0.8,0.2,6,250,0.1,0.5,0.7
0.9486873508353222,0.9486116469094574,0.9486445726525782,dart,0.8,0.2,6,250,0.1,0.5,0.8
0.9486873508353222,0.948550959917487,0.948579097900259,dart,0.8,0.2,6,250,0.1,0.5,0.9
0.9498806682577565,0.9498074993691102,0.949832233130174,dart,0.8,0.2,6,250,0.2,0.5,0.7
0.9463007159904535,0.9461708299958583,0.9461971155470431,dart,0.8,0.2,6,250,0.2,0.5,0.8
0.9439140811455847,0.9438127466310718,0.9438495136370204,dart,0.8,0.2,6,250,0.2,0.5,0.9
0.9474940334128878,0.9473380649431229,0.9473718068065102,dart,0.8,0.2,6,350,0.1,0.5,0.7
0.9486873508353222,0.9486027758327422,0.9486304015057421,dart,0.8,0.2,6,350,0.1,0.5,0.8
0.9486873508353222,0.9485625343181269,0.9485860456356321,dart,0.8,0.2,6,350,0.1,0.5,0.9
0.9498806682577565,0.9498074993691102,0.949832233130174,dart,0.8,0.2,6,350,0.2,0.5,0.7
0.9486873508353222,0.9486648600464292,0.9486828546044354,dart,0.8,0.2,6,350,0.2,0.5,0.8
0.9474940334128878,0.9474219001953222,0.9474562325100857,dart,0.8,0.2,6,350,0.2,0.5,0.9
0.9463007159904535,0.9462284796299238,0.9462704292344863,dart,0.8,0.2,8,150,0.1,0.5,0.7
0.9486873508353222,0.9485266838476987,0.9485633710346252,dart,0.8,0.2,8,150,0.1,0.5,0.8
0.9451073985680191,0.9449145897081441,0.9449426561453342,dart,0.8,0.2,8,150,0.1,0.5,0.9
0.9498806682577565,0.949892006870803,0.9499129301801802,dart,0.8,0.2,8,150,0.2,0.5,0.7
0.9427207637231504,0.9425060520255959,0.942553748815522,dart,0.8,0.2,8,150,0.2,0.5,0.8
0.9451073985680191,0.9450515473447217,0.9450850400317442,dart,0.8,0.2,8,150,0.2,0.5,0.9
0.9463007159904535,0.946174684890836,0.9462020258001277,dart,0.8,0.2,8,250,0.1,0.5,0.7
0.9463007159904535,0.9461092119236502,0.9461353667423528,dart,0.8,0.2,8,250,0.1,0.5,0.8
0.9474940334128878,0.947256749850992,0.9472810469361104,dart,0.8,0.2,8,250,0.1,0.5,0.9
0.951073985680191,0.9510514294860488,0.9510698410157393,dart,0.8,0.2,8,250,0.2,0.5,0.7
0.9427207637231504,0.9424855819528075,0.9425230880712616,dart,0.8,0.2,8,250,0.2,0.5,0.8
0.9463007159904535,0.9462341395067739,0.9462605761546433,dart,0.8,0.2,8,250,0.2,0.5,0.9
0.9474940334128878,0.9474080980877211,0.9474323353501433,dart,0.8,0.2,8,350,0.1,0.5,0.7
0.9498806682577565,0.9497302988560474,0.9497510736957382,dart,0.8,0.2,8,350,0.1,0.5,0.8
0.9463007159904535,0.9461564685605867,0.9461786582842182,dart,0.8,0.2,8,350,0.1,0.5,0.9
0.951073985680191,0.9510578423454946,0.9510762691803389,dart,0.8,0.2,8,350,0.2,0.5,0.7
0.9439140811455847,0.9437011246072247,0.9437367550697677,dart,0.8,0.2,8,350,0.2,0.5,0.8
0.9463007159904535,0.9462107567770198,0.946226998053251,dart,0.8,0.2,8,350,0.2,0.5,0.9
0.8997613365155132,0.8989335684645494,0.8990016802345314,dart,0.9,0.05,4,150,0.1,0.5,0.7
0.9069212410501193,0.9062471649713257,0.9063027969901433,dart,0.9,0.05,4,150,0.1,0.5,0.8
0.9033412887828163,0.9024630944806246,0.9025096953049538,dart,0.9,0.05,4,150,0.1,0.5,0.9
0.905727923627685,0.9049241319477961,0.9049917386677202,dart,0.9,0.05,4,150,0.2,0.5,0.7
0.9069212410501193,0.9063121429341036,0.9063766532799712,dart,0.9,0.05,4,150,0.2,0.5,0.8
0.8985680190930787,0.8977523041847206,0.8978086896925613,dart,0.9,0.05,4,150,0.2,0.5,0.9
0.9128878281622912,0.9124290989224926,0.9124722849512452,dart,0.9,0.05,4,250,0.1,0.5,0.7
0.9200477326968973,0.9196260041952437,0.9196745460011458,dart,0.9,0.05,4,250,0.1,0.5,0.8
0.9116945107398569,0.9112814402852306,0.9113203984167151,dart,0.9,0.05,4,250,0.1,0.5,0.9
0.918854415274463,0.918365621225432,0.918412553578948,dart,0.9,0.05,4,250,0.2,0.5,0.7
0.9224343675417661,0.9221741103685561,0.9222228996959082,dart,0.9,0.05,4,250,0.2,0.5,0.8
0.9128878281622912,0.9123734501767337,0.9124150145370759,dart,0.9,0.05,4,250,0.2,0.5,0.9
0.9284009546539379,0.9283546269501622,0.9283911073252742,dart,0.9,0.05,4,350,0.1,0.5,0.7
0.931980906921241,0.9318096661113516,0.9318534522890795,dart,0.9,0.05,4,350,0.1,0.5,0.8
0.9343675417661098,0.9342475964361807,0.9342778716941802,dart,0.9,0.05,4,350,0.1,0.5,0.9
0.9295942720763724,0.9295570053331745,0.929591015893676,dart,0.9,0.05,4,350,0.2,0.5,0.7
0.9272076372315036,0.9270445525014418,0.92708255123995,dart,0.9,0.05,4,350,0.2,0.5,0.8
0.931980906921241,0.93179055946941,0.9318298150043031,dart,0.9,0.05,4,350,0.2,0.5,0.9
0.9367541766109785,0.9366026598533282,0.9366446752534464,dart,0.9,0.05,6,150,0.1,0.5,0.7
0.9331742243436754,0.9330355098702687,0.9330784760519673,dart,0.9,0.05,6,150,0.1,0.5,0.8
0.9295942720763724,0.9294200852747455,0.9294646220523342,dart,0.9,0.05,6,150,0.1,0.5,0.9
0.9355608591885441,0.9353646143292229,0.9354139180347575,dart,0.9,0.05,6,150,0.2,0.5,0.7
0.9367541766109785,0.936643276749748,0.9366846540593845,dart,0.9,0.05,6,150,0.2,0.5,0.8
0.9331742243436754,0.9331061343719573,0.9331445301959789,dart,0.9,0.05,6,150,0.2,0.5,0.9
0.9391408114558473,0.9388932362966099,0.9389338726147689,dart,0.9,0.05,6,250,0.1,0.5,0.7
0.9439140811455847,0.943769231412485,0.9437959850328876,dart,0.9,0.05,6,250,0.1,0.5,0.8
0.9415274463007159,0.9414561010943379,0.9414855387443678,dart,0.9,0.05,6,250,0.1,0.5,0.9
0.9391408114558473,0.9389594067945629,0.9389948218569464,dart,0.9,0.05,6,250,0.2,0.5,0.7
0.9427207637231504,0.9426254974246531,0.9426642076126416,dart,0.9,0.05,6,250,0.2,0.5,0.8
0.9415274463007159,0.941415791092469,0.9414451325372436,dart,0.9,0.05,6,250,0.2,0.5,0.9
0.9427207637231504,0.9425569202780087,0.9425943458788101,dart,0.9,0.05,6,350,0.1,0.5,0.7
0.9463007159904535,0.9462619679086988,0.9462938071199487,dart,0.9,0.05,6,350,0.1,0.5,0.8
0.9463007159904535,0.9462200339006159,0.9462608202607876,dart,0.9,0.05,6,350,0.1,0.5,0.9
0.9427207637231504,0.9425410425441806,0.9425784302506289,dart,0.9,0.05,6,350,0.2,0.5,0.7
0.9474940334128878,0.9473882453639831,0.9474174527684619,dart,0.9,0.05,6,350,0.2,0.5,0.8
0.9427207637231504,0.9426225865475624,0.9426547871145288,dart,0.9,0.05,6,350,0.2,0.5,0.9
0.9367541766109785,0.9366379017938975,0.9366631275746459,dart,0.9,0.05,8,150,0.1,0.5,0.7
0.9403341288782816,0.9401418129443615,0.940190640477286,dart,0.9,0.05,8,150,0.1,0.5,0.8
0.9403341288782816,0.9402756204857484,0.9403049988122183,dart,0.9,0.05,8,150,0.1,0.5,0.9
0.9379474940334129,0.93776082197287,0.9377933011375077,dart,0.9,0.05,8,150,0.2,0.5,0.7
0.9439140811455847,0.9438687203909341,0.9439012123372963,dart,0.9,0.05,8,150,0.2,0.5,0.8
0.9439140811455847,0.9438767481059213,0.94389834579302,dart,0.9,0.05,8,150,0.2,0.5,0.9
0.9439140811455847,0.9436839563045231,0.9437152854772315,dart,0.9,0.05,8,250,0.1,0.5,0.7
0.9439140811455847,0.9436973506544459,0.9437478906391905,dart,0.9,0.05,8,250,0.1,0.5,0.8
0.9451073985680191,0.9449550222172629,0.944984529498075,dart,0.9,0.05,8,250,0.1,0.5,0.9
0.9403341288782816,0.9400989561993108,0.9401364960759223,dart,0.9,0.05,8,250,0.2,0.5,0.7
0.9451073985680191,0.9448888545949379,0.9449277983324643,dart,0.9,0.05,8,250,0.2,0.5,0.8
0.9439140811455847,0.9437686406169561,0.9437947593638043,dart,0.9,0.05,8,250,0.2,0.5,0.9
0.9486873508353222,0.9484635139285237,0.9484805484841115,dart,0.9,0.05,8,350,0.1,0.5,0.7
0.9451073985680191,0.9449893571924147,0.9450229358589506,dart,0.9,0.05,8,350,0.1,0.5,0.8
0.9463007159904535,0.9461305759691229,0.9461676655798463,dart,0.9,0.05,8,350,0.1,0.5,0.9
0.9427207637231504,0.9426417315035288,0.9426704945164823,dart,0.9,0.05,8,350,0.2,0.5,0.7
0.9463007159904535,0.9460815534495752,0.9461078248428619,dart,0.9,0.05,8,350,0.2,0.5,0.8
0.9486873508353222,0.9485093042253266,0.9485467372051305,dart,0.9,0.05,8,350,0.2,0.5,0.9
0.9272076372315036,0.9270476155808068,0.9270846851797132,dart,0.9,0.1,4,150,0.1,0.5,0.7
0.9248210023866349,0.9245053690404298,0.92455744805365,dart,0.9,0.1,4,150,0.1,0.5,0.8
0.9212410501193318,0.9209119448172274,0.920955786277695,dart,0.9,0.1,4,150,0.1,0.5,0.9
0.9236276849642004,0.9233738262275206,0.9233965474657668,dart,0.9,0.1,4,150,0.2,0.5,0.7
0.9236276849642004,0.9234345115612401,0.9234887685076073,dart,0.9,0.1,4,150,0.2,0.5,0.8
0.9284009546539379,0.9280849926532386,0.9281370507858568,dart,0.9,0.1,4,150,0.2,0.5,0.9
0.9451073985680191,0.9449891998116371,0.9450318253326492,dart,0.9,0.1,4,250,0.1,0.5,0.7
0.9403341288782816,0.9401595810826603,0.9402074719289801,dart,0.9,0.1,4,250,0.1,0.5,0.8
0.9415274463007159,0.9414521635558445,0.9414977376613626,dart,0.9,0.1,4,250,0.1,0.5,0.9
0.9415274463007159,0.9414140116336511,0.9414496325570042,dart,0.9,0.1,4,250,0.2,0.5,0.7
0.9415274463007159,0.9413522785523939,0.9413831733194914,dart,0.9,0.1,4,250,0.2,0.5,0.8
0.9379474940334129,0.9378036499429884,0.9378359924565705,dart,0.9,0.1,4,250,0.2,0.5,0.9
0.9498806682577565,0.9497046266516991,0.9497399290502778,dart,0.9,0.1,4,350,0.1,0.5,0.7
0.9451073985680191,0.9449415166238012,0.9449815657815185,dart,0.9,0.1,4,350,0.1,0.5,0.8
0.9474940334128878,0.9473923648084356,0.9474467588002096,dart,0.9,0.1,4,350,0.1,0.5,0.9
0.9463007159904535,0.9460977914887649,0.9461347287568677,dart,0.9,0.1,4,350,0.2,0.5,0.7
0.9474940334128878,0.9473480472391279,0.9473830451629565,dart,0.9,0.1,4,350,0.2,0.5,0.8
0.9451073985680191,0.9449639934248012,0.9450026589078298,dart,0.9,0.1,4,350,0.2,0.5,0.9
0.9463007159904535,0.946062974957268,0.9460991159573713,dart,0.9,0.1,6,150,0.1,0.5,0.7
0.9439140811455847,0.9437077405422729,0.9437281475983416,dart,0.9,0.1,6,150,0.1,0.5,0.8
0.9451073985680191,0.9449695618022276,0.9449937676365728,dart,0.9,0.1,6,150,0.1,0.5,0.9
0.9439140811455847,0.9436898068736538,0.943726253182615,dart,0.9,0.1,6,150,0.2,0.5,0.7
0.9391408114558473,0.938832257036155,0.9388866223867197,dart,0.9,0.1,6,150,0.2,0.5,0.8
0.9451073985680191,0.9450367383594928,0.945056489178642,dart,0.9,0.1,6,150,0.2,0.5,0.9
0.9463007159904535,0.9460760531573064,0.9461130243906579,dart,0.9,0.1,6,250,0.1,0.5,0.7
0.9474940334128878,0.9473264737708679,0.9473501976019634,dart,0.9,0.1,6,250,0.1,0.5,0.8
0.9474940334128878,0.9473726969869538,0.9474018672831345,dart,0.9,0.1,6,250,0.1,0.5,0.9
0.9474940334128878,0.9473507074907702,0.9473849374511631,dart,0.9,0.1,6,250,0.2,0.5,0.7
0.9451073985680191,0.9449361654485919,0.9449640661410085,dart,0.9,0.1,6,250,0.2,0.5,0.8
0.9486873508353222,0.9485574973684837,0.9485802803750195,dart,0.9,0.1,6,250,0.2,0.5,0.9
0.9474940334128878,0.9473345919269117,0.947369668510121,dart,0.9,0.1,6,350,0.1,0.5,0.7
0.9463007159904535,0.9461355361743612,0.9461571573318504,dart,0.9,0.1,6,350,0.1,0.5,0.8
0.9486873508353222,0.9486215832809851,0.9486530066787193,dart,0.9,0.1,6,350,0.1,0.5,0.9
0.9474940334128878,0.9473070411587011,0.9473366213961987,dart,0.9,0.1,6,350,0.2,0.5,0.7
0.9474940334128878,0.9473695294502147,0.9473986921866417,dart,0.9,0.1,6,350,0.2,0.5,0.8
0.9498806682577565,0.9497564340044234,0.9497813740339258,dart,0.9,0.1,6,350,0.2,0.5,0.9
0.9427207637231504,0.9425909785197627,0.9426302302772521,dart,0.9,0.1,8,150,0.1,0.5,0.7
0.9439140811455847,0.9437291631926396,0.9437544004496018,dart,0.9,0.1,8,150,0.1,0.5,0.8
0.9439140811455847,0.9438354860536081,0.9438727656051962,dart,0.9,0.1,8,150,0.1,0.5,0.9
0.9439140811455847,0.9437108766722863,0.9437428569058757,dart,0.9,0.1,8,150,0.2,0.5,0.7
0.9427207637231504,0.942475294275339,0.9425076091942709,dart,0.9,0.1,8,150,0.2,0.5,0.8
0.9451073985680191,0.9450135611767588,0.9450325045896235,dart,0.9,0.1,8,150,0.2,0.5,0.9
0.9451073985680191,0.944892499116523,0.9449264340574567,dart,0.9,0.1,8,250,0.1,0.5,0.7
0.9474940334128878,0.9472410885886777,0.947269387709372,dart,0.9,0.1,8,250,0.1,0.5,0.8
0.9474940334128878,0.947489883748115,0.947529460623419,dart,0.9,0.1,8,250,0.1,0.5,0.9
0.9439140811455847,0.9437108766722863,0.9437428569058757,dart,0.9,0.1,8,250,0.2,0.5,0.7
0.9463007159904535,0.9460585134624269,0.9460799507948279,dart,0.9,0.1,8,250,0.2,0.5,0.8
0.9486873508353222,0.9486118449465231,0.9486439563090459,dart,0.9,0.1,8,250,0.2,0.5,0.9
0.9486873508353222,0.9484906461646982,0.9485224845973412,dart,0.9,0.1,8,350,0.1,0.5,0.7
0.9474940334128878,0.9472889623115333,0.9473224782709254,dart,0.9,0.1,8,350,0.1,0.5,0.8
0.9463007159904535,0.9462576900764451,0.9462943261553965,dart,0.9,0.1,8,350,0.1,0.5,0.9
0.9451073985680191,0.9448752740948605,0.9448992824804286,dart,0.9,0.1,8,350,0.2,0.5,0.7
0.9451073985680191,0.9448842436289506,0.9449127947154278,dart,0.9,0.1,8,350,0.2,0.5,0.8
0.9498806682577565,0.9498324885297426,0.949867513122774,dart,0.9,0.1,8,350,0.2,0.5,0.9
0.9439140811455847,0.9437655536796862,0.9438067868752255,dart,0.9,0.2,4,150,0.1,0.5,0.7
0.9427207637231504,0.9424700022210649,0.9424973337025416,dart,0.9,0.2,4,150,0.1,0.5,0.8
0.9486873508353222,0.94843178558146,0.9484741851104168,dart,0.9,0.2,4,150,0.1,0.5,0.9
0.9415274463007159,0.9413105419224974,0.941350965552975,dart,0.9,0.2,4,150,0.2,0.5,0.7
0.9391408114558473,0.9388381506308108,0.9388835219062857,dart,0.9,0.2,4,150,0.2,0.5,0.8
0.9463007159904535,0.9461001263540545,0.946148651029352,dart,0.9,0.2,4,150,0.2,0.5,0.9
0.9486873508353222,0.9485310505094128,0.9485586953832065,dart,0.9,0.2,4,250,0.1,0.5,0.7
0.951073985680191,0.9509157476981596,0.9509531019309638,dart,0.9,0.2,4,250,0.1,0.5,0.8
0.9463007159904535,0.9460384422738867,0.9460813449885659,dart,0.9,0.2,4,250,0.1,0.5,0.9
0.9486873508353222,0.9484403070752335,0.9484787622563036,dart,0.9,0.2,4,250,0.2,0.5,0.7
0.9486873508353222,0.9484608382289993,0.9485031482581829,dart,0.9,0.2,4,250,0.2,0.5,0.8
0.951073985680191,0.9509273045648529,0.9509664613382083,dart,0.9,0.2,4,250,0.2,0.5,0.9
0.9451073985680191,0.9449251898791082,0.9449442288802757,dart,0.9,0.2,4,350,0.1,0.5,0.7
0.9486873508353222,0.9485015304276511,0.9485331228053943,dart,0.9,0.2,4,350,0.1,0.5,0.8
0.9498806682577565,0.9496527228193754,0.9496881332305387,dart,0.9,0.2,4,350,0.1,0.5,0.9
0.9486873508353222,0.9484846044773292,0.9485178424912053,dart,0.9,0.2,4,350,0.2,0.5,0.7
0.9474940334128878,0.9472587146101757,0.9472943497614963,dart,0.9,0.2,4,350,0.2,0.5,0.8
0.951073985680191,0.9509095807354168,0.9509536146031872,dart,0.9,0.2,4,350,0.2,0.5,0.9
0.9367541766109785,0.9364993555242745,0.9365280183017493,dart,0.9,0.2,6,150,0.1,0.5,0.7
0.9474940334128878,0.947359994717934,0.9473989968258947,dart,0.9,0.2,6,150,0.1,0.5,0.8
0.9474940334128878,0.9474697664458642,0.9475074269408952,dart,0.9,0.2,6,150,0.1,0.5,0.9
0.9439140811455847,0.9437582790902616,0.9437887503532939,dart,0.9,0.2,6,150,0.2,0.5,0.7
0.9474940334128878,0.9473168938845914,0.9473452034651505,dart,0.9,0.2,6,150,0.2,0.5,0.8
0.9451073985680191,0.9451393247027188,0.9451918130801112,dart,0.9,0.2,6,150,0.2,0.5,0.9
0.9439140811455847,0.943719674603171,0.9437557075182922,dart,0.9,0.2,6,250,0.1,0.5,0.7
0.9498806682577565,0.9497820065104737,0.9498214724560208,dart,0.9,0.2,6,250,0.1,0.5,0.8
0.9463007159904535,0.9462156765170844,0.9462410517255861,dart,0.9,0.2,6,250,0.1,0.5,0.9
0.9439140811455847,0.9437083986103636,0.9437478917996625,dart,0.9,0.2,6,250,0.2,0.5,0.7
0.9474940334128878,0.9473042140560687,0.9473324933745072,dart,0.9,0.2,6,250,0.2,0.5,0.8
0.9451073985680191,0.945070272816913,0.9451127831140446,dart,0.9,0.2,6,250,0.2,0.5,0.9
0.9451073985680191,0.9448822300476046,0.9449155386804232,dart,0.9,0.2,6,350,0.1,0.5,0.7
0.9474940334128878,0.9473798328543774,0.9474180739376229,dart,0.9,0.2,6,350,0.1,0.5,0.8
0.9474940334128878,0.9473353040642395,0.9473641130855069,dart,0.9,0.2,6,350,0.1,0.5,0.9
0.9463007159904535,0.9461076315294507,0.9461390522722292,dart,0.9,0.2,6,350,0.2,0.5,0.7
0.9522673031026253,0.9521812340659458,0.9522065542209648,dart,0.9,0.2,6,350,0.2,0.5,0.8
0.9463007159904535,0.9462796629062779,0.9463250595759376,dart,0.9,0.2,6,350,0.2,0.5,0.9
0.9355608591885441,0.9352854885353926,0.9353219847212522,dart,0.9,0.2,8,150,0.1,0.5,0.7
0.954653937947494,0.9544903504132154,0.9545171474038256,dart,0.9,0.2,8,150,0.1,0.5,0.8
0.9439140811455847,0.9438173624407146,0.9438535081353601,dart,0.9,0.2,8,150,0.1,0.5,0.9
0.9403341288782816,0.9400677096064678,0.9401001173984911,dart,0.9,0.2,8,150,0.2,0.5,0.7
0.9522673031026253,0.952076038817131,0.9521065148963059,dart,0.9,0.2,8,150,0.2,0.5,0.8
0.9451073985680191,0.9450463830791633,0.9450707722578451,dart,0.9,0.2,8,150,0.2,0.5,0.9
0.9439140811455847,0.9436300994233439,0.9436663578531688,dart,0.9,0.2,8,250,0.1,0.5,0.7
0.954653937947494,0.9544903504132154,0.9545171474038256,dart,0.9,0.2,8,250,0.1,0.5,0.8
0.9451073985680191,0.9448700296399153,0.9448987770001832,dart,0.9,0.2,8,250,0.1,0.5,0.9
0.9463007159904535,0.9460497134327357,0.9460710168528054,dart,0.9,0.2,8,250,0.2,0.5,0.7
0.9486873508353222,0.9484703503165516,0.9485021403104162,dart,0.9,0.2,8,250,0.2,0.5,0.8
0.9463007159904535,0.9461496390641081,0.9461713071382745,dart,0.9,0.2,8,250,0.2,0.5,0.9
0.9451073985680191,0.9448421434699036,0.9448815468065794,dart,0.9,0.2,8,350,0.1,0.5,0.7
0.954653937947494,0.9544903504132154,0.9545171474038256,dart,0.9,0.2,8,350,0.1,0.5,0.8
0.9463007159904535,0.946050699050809,0.9460868107528063,dart,0.9,0.2,8,350,0.1,0.5,0.9
0.9463007159904535,0.946098446849661,0.9461198665786017,dart,0.9,0.2,8,350,0.2,0.5,0.7
0.9474940334128878,0.9472620486607327,0.9472915215175668,dart,0.9,0.2,8,350,0.2,0.5,0.8
0.9486873508353222,0.9485286502232971,0.9485567564606984,dart,0.9,0.2,8,350,0.2,0.5,0.9
